{
  "title": "Paw Control",
  "config": {
    "step": {
      "user": {
        "title": "Welcome to Paw Control",
        "description": "Let's set up your smart dog management system. How many dogs do you have?",
        "data": {
          "num_dogs": "Number of dogs"
        }
      },
      "dog_config": {
        "title": "Configure Dog {dog_num} of {total_dogs}",
        "description": "Enter the details for your dog and select which modules to enable.",
        "data": {
          "dog_id": "Dog ID (unique identifier)",
          "name": "Dog Name",
          "breed": "Breed",
          "age": "Age (years)",
          "weight": "Weight (kg)",
          "size": "Size",
          "module_walk": "Enable Walk Tracking",
          "module_feeding": "Enable Feeding Management",
          "module_health": "Enable Health Tracking",
          "module_gps": "Enable GPS Tracking",
          "module_notifications": "Enable Notifications",
          "module_dashboard": "Enable Dashboard",
          "module_grooming": "Enable Grooming Tracking",
          "module_medication": "Enable Medication Reminders",
          "module_training": "Enable Training Tracking"
        }
      },
      "sources": {
        "title": "Configure Data Sources",
        "description": "Select optional data sources for enhanced functionality. Leave empty to skip.",
        "data": {
          "door_sensor": "Door Sensor (for walk detection)",
          "person_entities": "Person Entities (for presence)",
          "device_trackers": "Device Trackers (for GPS)",
          "calendar": "Calendar (for events)",
          "weather": "Weather Provider"
        }
      },
      "notifications": {
        "title": "Configure Notifications",
        "description": "Set up how and when you want to receive notifications.",
        "data": {
          "notify_fallback": "Fallback Notification Service",
          "quiet_hours_start": "Quiet Hours Start",
          "quiet_hours_end": "Quiet Hours End",
          "reminder_repeat_min": "Reminder Repeat Interval (minutes)",
          "snooze_min": "Snooze Duration (minutes)"
        }
      },
      "system": {
        "title": "System Settings",
        "description": "Configure system-wide settings and maintenance options.",
        "data": {
          "reset_time": "Daily Reset Time",
          "export_path": "Export Path (optional)",
          "export_format": "Export Format",
          "visitor_mode": "Enable Visitor Mode"
        }
      }
    },
    "error": {
      "duplicate_dog_id": "This Dog ID already exists. Please choose a unique identifier.",
      "invalid_path": "Invalid export path",
      "invalid_time": "Invalid time format",
      "invalid_auth": "Ungültige Anmeldedaten",
      "invalid_geofence": "Invalid geofence settings"
    },
    "abort": {
      "single_instance_allowed": "Only one instance of Paw Control is allowed.",
      "reauth_successful": "Anmeldedaten aktualisiert"
    }
  },
  "options": {
    "step": {
      "init": {
        "title": "Paw Control Options",
        "description": "Choose what you'd like to configure.",
        "menu_options": {
          "dogs": "Manage Dogs",
          "sources": "Data Sources",
          "notifications": "Notifications",
          "system": "System Settings"
        }
      },
      "dogs": {
        "title": "Manage Dogs",
        "description": "To add or remove dogs, please reconfigure the integration.",
        "data": {}
      },
      "sources": {
        "title": "Configure Data Sources",
        "description": "Update your data source connections.",
        "data": {
          "door_sensor": "Door Sensor",
          "person_entities": "Person Entities",
          "device_trackers": "Device Trackers",
          "calendar": "Calendar",
          "weather": "Weather Provider"
        }
      },
      "notifications": {
        "title": "Configure Notifications",
        "description": "Adjust notification settings.",
        "data": {
          "notify_fallback": "Fallback Notification Service",
          "quiet_hours_start": "Quiet Hours Start",
          "quiet_hours_end": "Quiet Hours End",
          "reminder_repeat_min": "Reminder Repeat Interval (minutes)",
          "snooze_min": "Snooze Duration (minutes)"
        }
      },
      "system": {
        "title": "System Settings",
        "description": "Configure system settings.",
        "data": {
          "reset_time": "Daily Reset Time",
          "export_path": "Export Path",
          "export_format": "Export Format",
          "visitor_mode": "Visitor Mode"
        }
      }
    }
  },
  "selector": {
    "dog_size": {
      "options": {
        "small": "Small (< 10kg)",
        "medium": "Medium (10-25kg)",
        "large": "Large (25-45kg)",
        "xlarge": "Extra Large (> 45kg)"
      }
    },
    "export_format": {
      "options": {
        "csv": "CSV",
        "json": "JSON",
        "pdf": "PDF"
      }
    }
  },
  "exceptions": {
    "entry_not_found": {
      "message": "Config entry not found"
    },
    "entry_not_loaded": {
      "message": "Config entry not loaded"
    },
    "no_entries": {
      "message": "No configuration entries found"
    }
  },
  "entity": {
    "sensor": {
      "walk_distance_current": {
        "name": "Walk Distance Current"
      },
      "walk_distance_last": {
        "name": "Walk Distance Last"
      },
      "walk_duration_last": {
        "name": "Walk Duration Last"
      },
      "walk_distance_today": {
        "name": "Walk Distance Today"
      },
      "last_action": {
        "name": "Last Action"
      },
      "last_feeding": {
        "name": "Last Feeding"
      },
      "poop_count_today": {
        "name": "Poop Count Today"
      },
      "weight": {
        "name": "Weight"
      },
      "activity_level": {
        "name": "Activity Level"
      },
      "calories_burned_today": {
        "name": "Calories Burned Today"
      },
      "gps_points_total": {
        "name": "Gps Points Total"
      },
      "gps_accuracy_avg": {
        "name": "Gps Accuracy Avg"
      },
      "battery_level": {
        "name": "Battery level"
      },
      "distance_m": {
        "name": "Distance (m)"
      },
      "distance_km": {
        "name": "Distance (km)"
      },
      "speed_m_s": {
        "name": "Speed (m/s)"
      },
      "speed_km_h": {
        "name": "Speed (km/h)"
      },
      "duration_s": {
        "name": "Duration (s)"
      },
      "duration_min": {
        "name": "Duration (min)"
      },
      "steps": {
        "name": "Steps"
      },
      "calories": {
        "name": "Calories"
      },
      "temperature_c": {
        "name": "Temperature"
      }
    }
  },
  "device_automation": {
    "condition_type": {
      "is_home": "Dog is at home",
      "in_geofence": "Dog is inside geofence"
    },
    "trigger_type": {
      "geofence_alert": "Geofence alert",
      "gps_location_posted": "GPS location posted",
      "walk_started": "Walk started",
      "walk_ended": "Walk ended"
    },
    "action_type": {
      "start_walk": "Start walk",
      "end_walk": "End walk",
      "toggle_geofence_alerts": "Toggle geofence alerts"
    }
  },
  "issues": {
    "stale_devices": {
      "title": "Stale devices detected",
      "description": "There are {count} devices from Paw Control that are no longer present in the backend. Use the 'Prune stale devices' service or remove them from the device registry."
    },
    "invalid_geofence": {
      "title": "Invalid geofence settings",
      "description": "The configured geofence appears to be invalid. Use the fix flow to update latitude/longitude and radius."
    }
  }
}